{"epoch/accuracy": 0.5607476830482483, "epoch/loss": 1.0605952739715576, "epoch/val_accuracy": 0.4326923191547394, "epoch/val_loss": 1.1523970365524292, "epoch/epoch": 0, "_timestamp": 1712683514.2585356, "_runtime": 790.0903766155243, "_step": 3, "train_performance_table": {"_type": "table-file", "sha256": "23d40500cf2561f135f1f5658b2a80e5643b761cf4f27decfb014bd4ec17376b", "size": 123, "artifact_path": "wandb-client-artifact://xla3q7imfby4vtych3hmjp6gz1o7zp3fvm5gm2bfzn8ug38m3firy40n1uui6126eraywfs1o238ifwkn0x1x93taad2bd1tysxgoy25qdqbc6h1zvjrba2cbsk1igcf:latest/train_performance_table.table.json", "_latest_artifact_path": "wandb-client-artifact://xla3q7imfby4vtych3hmjp6gz1o7zp3fvm5gm2bfzn8ug38m3firy40n1uui6126eraywfs1o238ifwkn0x1x93taad2bd1tysxgoy25qdqbc6h1zvjrba2cbsk1igcf:latest/train_performance_table.table.json", "path": "media/table/train_performance_table_3_23d40500cf2561f135f1.table.json", "ncols": 3, "nrows": 2}, "_wandb": {"runtime": 34}}