{"epoch/accuracy": 0.6962617039680481, "epoch/loss": 0.9132260084152222, "epoch/val_accuracy": 0.5961538553237915, "epoch/val_loss": 1.0378575325012207, "epoch/epoch": 99, "_timestamp": 1712587145.6493778, "_runtime": 3801.763284921646, "_step": 99, "_wandb": {"runtime": 3800}}