{"epoch/accuracy": 0.5957943797111511, "epoch/loss": 0.9158492684364319, "epoch/val_accuracy": 0.25, "epoch/val_loss": 1.7464268207550049, "epoch/epoch": 2, "_timestamp": 1712581507.4050725, "_runtime": 114.22987937927246, "_step": 2, "_wandb": {"runtime": 115}}