{"epoch/accuracy": 0.0, "epoch/loss": 0.0, "epoch/val_accuracy": 0.375, "epoch/val_loss": 1.9086873531341553, "epoch/epoch": 1, "_timestamp": 1712562442.6169927, "_runtime": 46.49905180931091, "_step": 1, "_wandb": {"runtime": 136}}